sequence,confidence,nll,length,method,source,target_idx,peptide,mhc,is_valid,validity_reason,complexity_score,structural_score,motif_score,target_diversity,norm_confidence,norm_complexity,norm_structural,composite_score,rank_in_target
CASSKETQYF,0.7139753699302673,0.7788097858428955,10,pattern_based,generated,0,VVGAVGVGK,A1101,True,Valid,0.9397940008672037,0.9249999999999999,1.0,0.95,0.7098607077023842,0.7931248060001586,0.9592476489028209,0.8294187740615496,1
CATSQMDTEAFF,0.7752785682678223,0.5508501529693604,12,pattern_based,generated,0,VVGAVGVGK,A1101,True,Valid,0.8605285271744351,0.9291666666666667,0.5,0.95,0.9138703772136899,0.5207589208080261,0.9796238244514107,0.8106246999373634,2
CASSKRYDTQYF,0.7469517588615417,1.7512950897216797,12,pattern_based,generated,0,VVGAVGVGK,A1101,True,Valid,0.90701901811629,0.9083333333333333,0.5,0.95,0.8196021631237116,0.6805059472053507,0.8777429467084639,0.7844906440322477,3
CASSQWRYEQYF,0.7383047938346863,1.9993447065353396,12,pattern_based,generated,0,VVGAVGVGK,A1101,True,Valid,0.8605285271744351,0.8875,1.0,0.95,0.7908261037133836,0.5207589208080261,0.775862068965517,0.7706546394400621,4
CASSENTIYF,0.7228436470031738,1.259443998336792,10,pattern_based,generated,0,VVGAVGVGK,A1101,True,Valid,0.9397940008672037,0.8999999999999999,0.5,0.95,0.7393732669789204,0.7931248060001586,0.8369905956112847,0.7667723871138569,5
CATSWNEQFF,0.6813988089561462,0.3269979059696197,10,pattern_based,generated,0,VVGAVGVGK,A1101,True,Valid,0.9397940008672039,0.8999999999999999,1.0,0.95,0.6014498316245862,0.7931248060001593,0.8369905956112847,0.7616030129721233,6
CASSQYYEQYF,0.7665117383003235,0.7932696342468262,11,pattern_based,generated,0,VVGAVGVGK,A1101,True,Valid,0.7699336331594973,0.8818181818181818,1.0,0.95,0.8846954217002257,0.2094637584539146,0.7480763750356227,0.7403861953779978,7
CASNKISWVFYEQYF,0.6994479298591614,3.36602783203125,15,pattern_based,generated,0,VVGAVGVGK,A1101,True,Valid,0.897616790076074,0.875,1.0,0.95,0.6615151347449614,0.6481987389891036,0.7147335423197492,0.7321925101597551,8
CASSQGQNEQFF,0.7235440611839294,0.1486399918794632,12,pattern_based,generated,0,VVGAVGVGK,A1101,True,Valid,0.796490490941855,0.9041666666666666,1.0,0.95,0.7417041611151477,0.30071637754314257,0.857366771159874,0.7232982941866624,9
CASSKHEKLFF,0.7203590273857117,1.2691987752914429,11,pattern_based,generated,0,VVGAVGVGK,A1101,True,Valid,0.8423282765538793,0.9272727272727272,0.5,0.95,0.7311047517828831,0.4582206284084872,0.9703619264747789,0.7231584116898065,10
CASSEWETQYF,0.7275102734565735,0.6908985376358032,11,pattern_based,generated,1,VVVGADGVGK,A1101,True,Valid,0.8948855177025863,0.9045454545454545,1.0,1.0,0.7549032384373191,0.6388137522723251,0.8592191507552008,0.8015678759804329,1
CASSREEKLFF,0.7572616338729858,2.0220205783843994,11,pattern_based,generated,1,VVVGADGVGK,A1101,True,Valid,0.8423282765538793,0.9272727272727272,0.5,1.0,0.8539121869206113,0.4582206284084872,0.9703619264747789,0.7772813857448978,2
CASSFPKVYEDTQYF,0.7215926051139832,1.376861572265625,15,pattern_based,generated,1,VVVGADGVGK,A1101,True,Valid,0.8976167900760738,0.9,0.5,1.0,0.7352099500675704,0.6481987389891029,0.8369905956112853,0.7411218469471059,3
CASSNVDNEQFF,0.6634332537651062,1.697649002075195,12,pattern_based,generated,1,VVVGADGVGK,A1101,True,Valid,0.8605285271744351,0.9291666666666667,1.0,1.0,0.541662625141007,0.5207589208080261,0.9796238244514107,0.7167415991082902,4
CASSRRYGYTF,0.7140679359436035,0.1054896190762519,11,pattern_based,generated,1,VVVGADGVGK,A1101,True,Valid,0.8423282765538793,0.8704545454545454,1.0,1.0,0.7101687562594059,0.4582206284084872,0.6925049871758332,0.7142126256206265,5
CASSNTEAFF,0.7239494323730469,0.6406458020210266,10,pattern_based,generated,1,VVVGADGVGK,A1101,True,Valid,0.8193820026016114,0.8999999999999999,0.5,1.0,0.7430531876678225,0.37937441800047716,0.8369905956112847,0.6904942777894814,6
CASSDDDGEQYF,0.6643549799919128,1.703052639961243,12,pattern_based,generated,1,VVVGADGVGK,A1101,True,Valid,0.8429809818837098,0.9041666666666666,1.0,1.0,0.5447300191434425,0.4604634039404668,0.857366771159874,0.6814580426774451,7
CASSFKWVYNEQFF,0.6657922863960266,2.119696140289306,14,pattern_based,generated,1,VVVGADGVGK,A1101,True,Valid,0.8732737098805871,0.875,1.0,1.0,0.5495132019535,0.5645529310873495,0.7147335423197492,0.6756625754628197,8
CASSLAAGGYFNEQFF,0.7103142738342285,0.3713771402835846,16,peptide_match,training_data,1,VVVGADGVGK,A1101,True,Valid,0.7889097655573916,0.8718750000000001,1.0,1.0,0.6976770203115674,0.2746680757599386,0.6994514106583075,0.6738947054082762,9
CASSFFAKRYEQYF,0.6904671788215637,2.4334120750427246,14,pattern_based,generated,1,VVVGADGVGK,A1101,True,Valid,0.7982309855842459,0.875,1.0,1.0,0.6316282756441498,0.30669693051106367,0.7147335423197492,0.6569374048238225,10
CASSDNEQFF,0.770797073841095,0.0105183515697717,10,pattern_based,generated,2,VVVGAVGVGK,A1101,True,Valid,0.8795880017344075,0.9249999999999999,1.0,1.0,0.8989565028693345,0.5862496120003179,0.9592476489028209,0.8686820533283616,1
CASSQNEQFF,0.7305997014045715,0.1020695716142654,10,pattern_based,generated,2,VVVGAVGVGK,A1101,True,Valid,0.8193820026016114,0.9249999999999999,1.0,1.0,0.7651844830010951,0.37937441800047716,0.9592476489028209,0.7737982065810975,2
ASSLDDTQYF,0.7718966603279114,5.297098159790039,10,pattern_based,generated,2,VVVGAVGVGK,A1101,True,Valid,0.8795880017344075,0.8999999999999999,0.0,1.0,0.9026157944211276,0.5862496120003179,0.8369905956112847,0.7456943592907717,3
CASIEPEGELFF,0.7298723459243774,1.5138202905654907,12,pattern_based,generated,2,VVVGAVGVGK,A1101,True,Valid,0.84298098188371,0.9291666666666667,0.5,1.0,0.7627639314612789,0.4604634039404672,0.9796238244514107,0.7431230182628872,4
CASSFRLYDTQYF,0.7387210726737976,0.0069783725775778,13,pattern_based,generated,2,VVVGAVGVGK,A1101,True,Valid,0.8752746979566217,0.8826923076923077,0.5,1.0,0.7922114296130867,0.5714285714285716,0.7523510971786832,0.7316405055666857,5
CASSWKYIFETQYF,0.7102177143096924,3.616189956665039,14,pattern_based,generated,2,VVVGAVGVGK,A1101,True,Valid,0.8874359135554886,0.8607142857142858,1.0,1.0,0.6973556818296776,0.6132159991355725,0.6448723690103003,0.7305599463610456,6
CASSFLAEQWTDTQY,0.7080865502357483,0.7416601181030273,15,pattern_based,generated,2,VVVGAVGVGK,A1101,True,Valid,0.8634890534347651,0.9166666666666666,0.5,1.0,0.6902634241630273,0.5309316519854708,0.9184952978056424,0.7159907596234336,7
CASSRMRDYEQYF,0.6669902801513672,0.878244161605835,13,pattern_based,generated,2,VVVGAVGVGK,A1101,True,Valid,0.8752746979566217,0.9115384615384615,1.0,1.0,0.5534999810568981,0.5714285714285716,0.8934169278996864,0.7143690922884108,8
CASSWQKVWYEQYF,0.7041462063789368,5.834279537200928,14,pattern_based,generated,2,VVVGAVGVGK,A1101,True,Valid,0.8499145514073182,0.875,1.0,1.0,0.6771504338168685,0.48428799884743023,0.7147335423197492,0.7106644817601833,9
CASSKWHPFRYEQYF,0.6660479307174683,2.6068568229675293,15,pattern_based,generated,2,VVVGAVGVGK,A1101,True,Valid,0.8976167900760739,0.8833333333333333,1.0,1.0,0.5503639555021578,0.6481987389891032,0.7554858934169277,0.7008825086820692,10
CASSHNEQFF,0.8011597990989685,0.3217575252056122,10,pattern_based,generated,3,VVGAVGVGK,A0301,True,Valid,0.8795880017344075,0.925,1.0,1.0,1.0,0.5862496120003179,0.9592476489028214,0.9090994521806279,1
CASSHSQYEQYF,0.7634188532829285,0.9121190905570984,12,pattern_based,generated,3,VVGAVGVGK,A0301,True,Valid,0.796490490941855,0.9083333333333333,1.0,1.0,0.8744026724253696,0.30071637754314257,0.8777429467084639,0.7854529338204691,2
CASSHNQYNEQYF,0.7275344133377075,2.609121084213257,13,pattern_based,generated,3,VVGAVGVGK,A0301,True,Valid,0.8336995972754957,0.9115384615384615,1.0,1.0,0.7549835730577915,0.4285714285714291,0.8934169278996864,0.7663911005173396,3
CASSNMEYGYTF,0.705295741558075,0.4196787476539612,12,pattern_based,generated,3,VVGAVGVGK,A0301,True,Valid,0.90701901811629,0.8666666666666666,1.0,1.0,0.6809759486080589,0.6805059472053507,0.6739811912225702,0.7432878071288077,4
CASSQEIMFRDTQYF,0.7107402086257935,2.0157415866851807,15,pattern_based,generated,3,VVGAVGVGK,A0301,True,Valid,0.8976167900760738,0.9166666666666666,0.5,1.0,0.6990944800594595,0.6481987389891029,0.9184952978056424,0.742976599382733,5
CASSQEHHYEQYF,0.7284092903137207,0.0799040049314498,13,pattern_based,generated,3,VVGAVGVGK,A0301,True,Valid,0.7921244965943695,0.9115384615384616,1.0,1.0,0.7578950583893841,0.2857142857142858,0.893416927899687,0.7389842660785482,6
CASSEHQPQHF,0.7189385294914246,1.2824476957321167,11,pattern_based,generated,3,VVGAVGVGK,A0301,True,Valid,0.8423282765538793,0.8909090909090909,0.5,1.0,0.726377505671525,0.4582206284084872,0.7925334853234538,0.6907018250149982,7
CSARDTEAFF,0.7101343274116516,1.895212292671204,10,pattern_based,generated,3,VVGAVGVGK,A0301,True,Valid,0.8795880017344075,0.9249999999999999,0.0,1.0,0.6970781802641443,0.5862496120003179,0.9592476489028209,0.6879307242862854,8
CASSFRWMDDYEQYF,0.6680921912193298,1.6394492387771606,15,pattern_based,generated,3,VVGAVGVGK,A0301,True,Valid,0.8634890534347651,0.875,1.0,1.0,0.5571670085351071,0.5309316519854708,0.7147335423197492,0.6719998422750868,9
CASSWQNVRYEQYF,0.635790228843689,1.403508543968201,14,pattern_based,generated,3,VVGAVGVGK,A0301,True,Valid,0.8874359135554886,0.8928571428571428,1.0,1.0,0.4496699635598194,0.6132159991355725,0.8020600089565604,0.6629231870423543,10
CASSNYEQYF,0.7874811291694641,4.403866767883301,10,pattern_based,generated,4,VVVGAVGVGK,A0301,True,Valid,0.8795880017344075,0.8999999999999999,1.0,1.0,0.9544790319698069,0.5862496120003179,0.8369905956112847,0.8664396543102433,1
CASRWSSKETQYF,0.741525411605835,2.168789863586426,13,pattern_based,generated,4,VVVGAVGVGK,A0301,True,Valid,0.9011575366850628,0.9115384615384615,1.0,1.0,0.8015439322269372,0.6603651784168953,0.8934169278996864,0.8313739941540912,2
CASSKMPRGELFF,0.7402553558349609,2.458588123321533,13,pattern_based,generated,4,VVVGAVGVGK,A0301,True,Valid,0.9168497986377478,0.9211538461538462,0.5,1.0,0.7973173394046471,0.7142857142857145,0.9404388714733545,0.7998718529136727,3
CASNEDWYGYTF,0.6856490969657898,3.7007155418396,12,pattern_based,generated,4,VVVGAVGVGK,A0301,True,Valid,0.953509509058145,0.8875,1.0,1.0,0.6155942788261942,0.8402529736026754,0.775862068965517,0.7694607200441161,4
CASSNMPNQPQHF,0.7516140937805176,2.234036445617676,13,pattern_based,generated,4,VVVGAVGVGK,A0301,True,Valid,0.8336995972754957,0.9153846153846155,0.5,1.0,0.835117852871804,0.4285714285714291,0.9122257053291539,0.7522065679288382,5
CASSWQYNNEQFF,0.7188082933425903,0.00048411093303,13,pattern_based,generated,4,VVVGAVGVGK,A0301,True,Valid,0.8336995972754957,0.8923076923076922,1.0,1.0,0.7259440954351488,0.4285714285714291,0.7993730407523508,0.7359665320388155,6
CASSFGPYNEQFF,0.704617440700531,1.2170101404190063,13,pattern_based,generated,4,VVVGAVGVGK,A0301,True,Valid,0.8595824360039367,0.8826923076923077,1.0,1.0,0.6787186449513262,0.5175080355597524,0.7523510971786832,0.7254592845282176,7
CASSYLAKGELFF,0.7624167799949646,2.2023298740386963,13,pattern_based,generated,4,VVVGAVGVGK,A0301,True,Valid,0.8336995972754957,0.8634615384615384,0.5,1.0,0.8710678930688678,0.4285714285714291,0.6583072100313476,0.7158028849481025,8
CATSETTKYEQYF,0.6894023418426514,2.299301862716675,13,pattern_based,generated,4,VVVGAVGVGK,A0301,True,Valid,0.8180073353228107,0.9115384615384615,1.0,1.0,0.6280846262744195,0.3746508927026099,0.8934169278996864,0.704847414630227,9
CASSWRHENTEAFF,0.7076130509376526,2.2533740997314453,14,pattern_based,generated,4,VVVGAVGVGK,A0301,True,Valid,0.849914551407318,0.9142857142857141,0.5,1.0,0.6886876754592413,0.4842879988474295,0.9068517689207337,0.7037030237373292,10
CASSQRDTQYF,0.7780452370643616,0.9282582402229308,11,pattern_based,generated,5,SLLQHLIGL,A0201,True,Valid,0.8948855177025863,0.9136363636363636,0.5,1.0,0.9230775181481858,0.6388137522723251,0.9036762610430319,0.8277290099223459,1
CASSDETQYF,0.7073266506195068,1.6031326055526731,10,pattern_based,generated,5,SLLQHLIGL,A0201,True,Valid,0.9397940008672037,0.9249999999999999,1.0,1.0,0.6877345696533889,0.7931248060001586,0.9592476489028209,0.8255683188419514,2
CASRQINWNTIYF,0.7616671323776245,2.5371108055114746,13,pattern_based,generated,5,SLLQHLIGL,A0201,True,Valid,0.9168497986377478,0.9115384615384615,0.5,1.0,0.8685731559782942,0.7142857142857145,0.8934169278996864,0.8189697908283979,3
CASSQVHKETQYF,0.7039489150047302,1.2010706663131714,13,pattern_based,generated,5,SLLQHLIGL,A0201,True,Valid,0.9168497986377478,0.9307692307692308,1.0,1.0,0.6764938718569575,0.7142857142857145,0.987460815047022,0.8109468546093304,4
CASSWPFVNETQYF,0.7034445405006409,1.57986319065094,14,pattern_based,generated,5,SLLQHLIGL,A0201,True,Valid,0.9249572757036592,0.8785714285714286,1.0,1.0,0.6748153741818018,0.7421439994237153,0.7321988356471114,0.764794716686886,5
CASSQKNEQYF,0.6879639625549316,3.0528736114501958,11,pattern_based,generated,5,SLLQHLIGL,A0201,True,Valid,0.8948855177025863,0.9136363636363636,1.0,1.0,0.6232978730367855,0.6388137522723251,0.9036762610430319,0.7578171518777856,6
CASSYPDGELFF,0.7426521182060242,1.6483254432678225,12,pattern_based,generated,5,SLLQHLIGL,A0201,True,Valid,0.90701901811629,0.8666666666666666,0.5,1.0,0.805293476253582,0.6805059472053507,0.6739811912225702,0.7430148181870171,7
CATSRIRYEQYF,0.6501213312149048,0.0346472226083278,12,pattern_based,generated,5,SLLQHLIGL,A0201,True,Valid,0.90701901811629,0.9083333333333333,1.0,1.0,0.49736214827073283,0.6805059472053507,0.8777429467084639,0.710594638091056,8
CASTEEHHQPQHF,0.7421380877494812,2.289074182510376,13,pattern_based,generated,5,SLLQHLIGL,A0201,True,Valid,0.8180073353228107,0.8769230769230769,0.5,1.0,0.8035828447302373,0.3746508927026099,0.7241379310344828,0.6911909026395134,9
CASSYHYHQPQHF,0.7637826800346375,2.680273532867432,13,pattern_based,generated,5,SLLQHLIGL,A0201,True,Valid,0.7764322346416844,0.8634615384615384,0.5,1.0,0.8756134440879968,0.23179374984546658,0.6583072100313476,0.6782655696105616,10
CASSKHNEQFF,0.7504668235778809,0.5284147262573242,11,pattern_based,generated,6,SLLQHLIGL,A2402,True,Valid,0.8948855177025863,0.9136363636363636,1.0,1.0,0.8312998756499418,0.6388137522723251,0.9036762610430319,0.8410179529230482,1
CASSYYDNEQFF,0.7428215742111206,0.8687777519226074,12,pattern_based,generated,6,SLLQHLIGL,A2402,True,Valid,0.8605285271744351,0.8875,1.0,1.0,0.8058574054535901,0.5207589208080261,0.775862068965517,0.7816671601361447,2
CASSQTPDYEQYF,0.7153679132461548,0.0037543543148785,13,pattern_based,generated,6,SLLQHLIGL,A2402,True,Valid,0.8752746979566217,0.9115384615384615,1.0,1.0,0.7144949243396643,0.5714285714285716,0.8934169278996864,0.7787670696015173,3
CASSWKEHNEQFF,0.6884599924087524,0.1778134852647781,13,pattern_based,generated,6,SLLQHLIGL,A2402,True,Valid,0.8752746979566217,0.9115384615384615,1.0,1.0,0.6249486007196792,0.5714285714285716,0.8934169278996864,0.7429485401535232,4
CASSENEQFF,0.7067272067070007,1.1867512464523315,10,pattern_based,generated,6,SLLQHLIGL,A2402,True,Valid,0.8193820026016114,0.9249999999999999,1.0,1.0,0.6857396924235328,0.37937441800047716,0.9592476489028209,0.7420202903500728,5
CASSWSDDTQYF,0.7423505783081055,1.363911271095276,12,pattern_based,generated,6,SLLQHLIGL,A2402,True,Valid,0.8429809818837098,0.9083333333333333,0.5,1.0,0.8042899877474827,0.4604634039404668,0.8777429467084639,0.7393572652287793,6
CASSDEDNYEQYF,0.7024042010307312,1.8893322944641116,13,pattern_based,generated,6,SLLQHLIGL,A2402,True,Valid,0.8336995972754957,0.9115384615384615,1.0,1.0,0.6713532495750695,0.4285714285714291,0.8934169278996864,0.7329389711242509,7
CASSFNVYRNVLTF,0.724873423576355,3.1553280353546143,14,pattern_based,generated,6,SLLQHLIGL,A2402,True,Valid,0.8499145514073182,0.8964285714285715,0.5,1.0,0.7461281192395862,0.48428799884743023,0.8195253022839231,0.7092139079221051,8
CASSWRQNRTEAFF,0.6992704272270203,2.171604633331299,14,pattern_based,generated,6,SLLQHLIGL,A2402,True,Valid,0.8499145514073182,0.9142857142857143,0.5,1.0,0.6609244273381292,0.48428799884743023,0.9068517689207343,0.6925977244888846,9
CASSNRNKYGYTF,0.6487528085708618,0.9230234622955322,13,pattern_based,generated,6,SLLQHLIGL,A2402,True,Valid,0.8752746979566217,0.9115384615384615,1.0,1.0,0.4928078695397501,0.5714285714285716,0.8934169278996864,0.6900922476815516,10
CASSDHNEQYF,0.7522838711738586,2.192451477050781,11,pattern_based,generated,7,LYVDSLFFL,A2402,True,Valid,0.9474427588512933,0.9136363636363636,1.0,1.0,0.8373467914650119,0.8194068761361629,0.9036762610430319,0.8795553440218438,1
CASSYETQYF,0.7563953399658203,1.159735083580017,10,pattern_based,generated,7,LYVDSLFFL,A2402,True,Valid,0.8795880017344075,0.875,1.0,1.0,0.8510292650096313,0.5862496120003179,0.7147335423197492,0.8006083368678659,2
CASSWMVRNEQFF,0.663274347782135,1.4118417501449585,13,pattern_based,generated,7,LYVDSLFFL,A2402,True,Valid,0.9168497986377478,0.9115384615384615,1.0,1.0,0.5411338051455019,0.7142857142857145,0.8934169278996864,0.7379940504952809,3
CATSNDQYGYTF,0.6699835658073425,1.5836104154586792,12,pattern_based,generated,7,LYVDSLFFL,A2402,True,Valid,0.90701901811629,0.9083333333333333,1.0,1.0,0.5634612756383974,0.6805059472053507,0.8777429467084639,0.737034289038122,4
CASSYYHDTQYF,0.7804594039916992,2.582193374633789,12,pattern_based,generated,7,LYVDSLFFL,A2402,True,Valid,0.8429809818837098,0.8458333333333332,0.5,1.0,0.9311115752666961,0.4604634039404668,0.5721003134796233,0.7289573735906965,5
CASSHVADHNEQFF,0.6630529761314392,0.54885333776474,14,pattern_based,generated,7,LYVDSLFFL,A2402,True,Valid,0.8499145514073182,0.9285714285714286,1.0,1.0,0.5403971069222061,0.48428799884743023,0.9767129422301837,0.7083590309844052,6
ASSPKNEQFF,0.6873269081115723,0.3851784169673919,10,pattern_based,generated,7,LYVDSLFFL,A2402,True,Valid,0.8795880017344075,0.9,0.5,1.0,0.6211778324846625,0.5862496120003179,0.8369905956112853,0.6831191745161858,7
CASSWNAKDRTEAFF,0.6852407455444336,2.440479278564453,15,pattern_based,generated,7,LYVDSLFFL,A2402,True,Valid,0.85060775250094,0.9166666666666666,0.5,1.0,0.61423533441914,0.4866699227883917,0.9184952978056424,0.6767271778864629,8
CASSFGELFF,0.7800696492195129,0.2135370671749115,10,pattern_based,generated,7,LYVDSLFFL,A2402,True,Valid,0.7966576244513052,0.825,0.5,1.0,0.9298145182709688,0.30129066877141564,0.47021943573667696,0.676227828210006,9
CASSHDSGQNEQFF,0.6731118559837341,2.296748638153076,14,pattern_based,generated,7,LYVDSLFFL,A2402,True,Valid,0.8357523477324165,0.8892857142857142,1.0,1.0,0.5738718490232798,0.4356249307992066,0.7845947156291981,0.6735926688949929,10
CASSQMADKETQYF,0.6989858150482178,1.0493199825286863,14,pattern_based,generated,8,ASSYISPEK,A1101,True,Valid,0.8874359135554888,0.9321428571428572,1.0,1.0,0.6599772722449043,0.6132159991355731,0.9941782355575459,0.7854697558365855,1
CASTFHYNEQF,0.7242127656936646,1.988551378250122,11,pattern_based,generated,8,ASSYISPEK,A1101,True,Valid,0.9474427588512933,0.9045454545454545,0.5,1.0,0.743929529280779,0.8194068761361629,0.8592191507552008,0.7832970170905844,2
CASSHFKYEQYF,0.7352222204208374,2.6513516902923584,12,pattern_based,generated,8,ASSYISPEK,A1101,True,Valid,0.8605285271744351,0.8875,1.0,1.0,0.7805676702146799,0.5207589208080261,0.775862068965517,0.7715512660405806,3
CASSQYEQYF,0.7421886324882507,0.5518568158149719,10,pattern_based,generated,8,ASSYISPEK,A1101,True,Valid,0.8193820026016112,0.8999999999999999,1.0,1.0,0.8037510515405105,0.3793744180004764,0.8369905956112847,0.7647734233385565,4
CASSQYNEQFF,0.7203165292739868,0.069564014673233,11,pattern_based,generated,8,ASSYISPEK,A1101,True,Valid,0.8423282765538793,0.9045454545454545,1.0,1.0,0.730963323179434,0.4582206284084872,0.8592191507552008,0.7558732851045112,5
CASSEMQNEQFF,0.700653076171875,1.526541829109192,12,pattern_based,generated,8,ASSYISPEK,A1101,True,Valid,0.8140380362325801,0.9291666666666667,1.0,1.0,0.66552571669887,0.3610118944107015,0.9796238244514107,0.7343374304519704,6
CASSFENEQFF,0.7370427846908569,0.0211429260671138,11,pattern_based,generated,8,ASSYISPEK,A1101,True,Valid,0.7699336331594974,0.9045454545454545,1.0,1.0,0.7866262890979175,0.20946375845391496,0.8592191507552008,0.7283870974809902,7
CASSKNEQFF,0.654995858669281,2.109447717666626,10,pattern_based,generated,8,ASSYISPEK,A1101,True,Valid,0.8795880017344075,0.9249999999999999,1.0,1.0,0.5135839892506328,0.5862496120003179,0.9592476489028209,0.7145330478808809,8
CASSDKNEQFF,0.6540891528129578,0.03323769941926,11,pattern_based,generated,8,ASSYISPEK,A1101,True,Valid,0.8948855177025863,0.9136363636363636,1.0,1.0,0.510566581234269,0.6388137522723251,0.9036762610430319,0.712724635156779,9
CASSWYDYEQYF,0.6962354183197021,1.9210366010665891,12,pattern_based,generated,8,ASSYISPEK,A1101,True,Valid,0.8429809818837098,0.8666666666666667,1.0,1.0,0.6508242827953195,0.4604634039404668,0.6739811912225707,0.6872186321507353,10
CASSNWYEQYF,0.7360248565673828,0.0398576520383358,11,pattern_based,generated,9,SALQSLLQH,A1101,True,Valid,0.8948855177025863,0.8818181818181818,1.0,1.0,0.7832387467561178,0.6388137522723251,0.7480763750356227,0.7906735241640367,1
CASSRVDQPQHF,0.7014724612236023,0.3684862852096557,12,pattern_based,generated,9,SALQSLLQH,A1101,True,Valid,0.90701901811629,0.925,0.5,1.0,0.6682525315819196,0.6805059472053507,0.9592476489028214,0.7452517318544024,2
CASSFQQPQHF,0.7707414031028748,1.3451977968215942,11,pattern_based,generated,9,SALQSLLQH,A1101,True,Valid,0.7699336331594973,0.9136363636363636,0.5,1.0,0.8987712373495288,0.2094637584539146,0.9036762610430319,0.7321364988392008,3
CAISEDTQYF,0.6719773411750793,0.5982072353363037,10,pattern_based,generated,9,SALQSLLQH,A1101,True,Valid,1.0,0.9249999999999999,0.0,1.0,0.570096320218161,1.0,0.9592476489028209,0.7198880578678286,4
CASSNKYGYTF,0.6875302791595459,0.1355791985988617,11,pattern_based,generated,9,SALQSLLQH,A1101,True,Valid,0.8948855177025863,0.8704545454545454,1.0,1.0,0.6218546268675071,0.6388137522723251,0.6925049871758332,0.7150055986366345,5
CASSYFWHGEQYF,0.7245733141899109,2.0533430576324463,13,pattern_based,generated,9,SALQSLLQH,A1101,True,Valid,0.8752746979566217,0.825,1.0,1.0,0.7451293913035889,0.5714285714285716,0.47021943573667696,0.7063813579544852,6
CASSQGEHYEQYF,0.6800954341888428,1.2568542957305908,13,pattern_based,generated,9,SALQSLLQH,A1101,True,Valid,0.8336995972754957,0.9115384615384615,1.0,1.0,0.5971123571903353,0.4285714285714291,0.8934169278996864,0.7032426141703572,7
CASTDLMTRFQPQHF,0.6677758693695068,1.6817916631698608,15,pattern_based,generated,9,SALQSLLQH,A1101,True,Valid,0.8976167900760739,0.9333333333333333,0.5,1.0,0.5561143274712863,0.6481987389891032,1.0,0.7020854787863352,8
CATSEKEGELFF,0.6930888891220093,4.343096733093262,12,pattern_based,generated,9,SALQSLLQH,A1101,True,Valid,0.84298098188371,0.9291666666666667,0.5,1.0,0.6403530121416356,0.4604634039404672,0.9796238244514107,0.6941586505350299,9
CASSDVIWEWDTQYF,0.6760242581367493,2.281682014465332,15,pattern_based,generated,9,SALQSLLQH,A1101,True,Valid,0.8976167900760738,0.9,0.5,1.0,0.5835639730369244,0.6481987389891029,0.8369905956112853,0.6804634561348475,10
