sequence,confidence,nll,length,method,source,target_idx,peptide,mhc,is_valid,validity_reason,complexity_score,structural_score,motif_score,target_diversity,norm_confidence,norm_complexity,norm_structural,composite_score
CASSLTSGGFDEQFF,0.6325935125350952,0.004921228159219,15,peptide_match,training_data,0,VVGAVGVGK,A1101,True,Valid,0.8035987149258059,0.8916666666666666,1.0,0.95,0.4390316762383879,0.32514110658767953,0.7962382445141063,0.5948885407157123
CASSRHRFEYDTQYF,0.6103274822235107,1.899155855178833,15,pattern_based,generated,0,VVGAVGVGK,A1101,True,Valid,0.863489053434765,0.8999999999999999,0.5,0.95,0.36493300588545313,0.5309316519854704,0.8369905956112847,0.5645576518735324
CASSYGFWTEAFF,0.726699709892273,0.0380642525851726,13,pattern_based,generated,0,VVGAVGVGK,A1101,True,Valid,0.8180073353228107,0.7865384615384615,0.5,0.95,0.7522057804032322,0.3746508927026099,0.2821316614420063,0.5772388229902161
CSARQVKNEQFF,0.643669068813324,0.6947435736656189,12,pattern_based,generated,0,VVGAVGVGK,A1101,True,Valid,0.90701901811629,0.8958333333333335,0.5,0.95,0.4758897951824221,0.6805059472053507,0.8166144200626966,0.6347799915265784
CASSLTSGGFDEQFF,0.6082358956336975,0.711699366569519,15,pattern_based,generated,0,VVGAVGVGK,A1101,True,Valid,0.8035987149258059,0.8916666666666666,1.0,0.95,0.3579724573249603,0.32514110658767953,0.7962382445141063,0.5624648531503413
CASSQDDTQYF,0.7157847285270691,0.6870793104171753,11,pattern_based,generated,0,VVGAVGVGK,A1101,True,Valid,0.8423282765538793,0.9136363636363636,0.5,0.95,0.7158820354531557,0.4582206284084872,0.9036762610430319,0.7037321920715661
CASSKRYDTQYF,0.7469517588615417,1.7512950897216797,12,pattern_based,generated,0,VVGAVGVGK,A1101,True,Valid,0.90701901811629,0.9083333333333333,0.5,0.95,0.8196021631237116,0.6805059472053507,0.8777429467084639,0.7844906440322477
CASNKISWVFYEQYF,0.6994479298591614,3.36602783203125,15,pattern_based,generated,0,VVGAVGVGK,A1101,True,Valid,0.897616790076074,0.875,1.0,0.95,0.6615151347449614,0.6481987389891036,0.7147335423197492,0.7321925101597551
CATSDTMHTEAFF,0.6922309994697571,1.543547511100769,13,pattern_based,generated,0,VVGAVGVGK,A1101,True,Valid,0.8180073353228107,0.8826923076923077,0.5,0.95,0.6374980585800053,0.3746508927026099,0.7523510971786832,0.6253996214082608
CASSQGQNEQFF,0.7235440611839294,0.1486399918794632,12,pattern_based,generated,0,VVGAVGVGK,A1101,True,Valid,0.796490490941855,0.9041666666666666,1.0,0.95,0.7417041611151477,0.30071637754314257,0.857366771159874,0.7232982941866624
CATSWNEQFF,0.6813988089561462,0.3269979059696197,10,pattern_based,generated,0,VVGAVGVGK,A1101,True,Valid,0.9397940008672039,0.8999999999999999,1.0,0.95,0.6014498316245862,0.7931248060001593,0.8369905956112847,0.7616030129721233
CASSYKQKYEQYF,0.6878268718719482,0.0261091906577348,13,pattern_based,generated,0,VVGAVGVGK,A1101,True,Valid,0.7764322346416844,0.8923076923076922,1.0,0.95,0.6228416517353369,0.23179374984546658,0.7993730407523508,0.6503700188136983
CASSKHEKLFF,0.7203590273857117,1.2691987752914429,11,pattern_based,generated,0,VVGAVGVGK,A1101,True,Valid,0.8423282765538793,0.9272727272727272,0.5,0.95,0.7311047517828831,0.4582206284084872,0.9703619264747789,0.7231584116898065
CASSQYYEQYF,0.7665117383003235,0.7932696342468262,11,pattern_based,generated,0,VVGAVGVGK,A1101,True,Valid,0.7699336331594973,0.8818181818181818,1.0,0.95,0.8846954217002257,0.2094637584539146,0.7480763750356227,0.7403861953779978
ASSLNNIIMFNEQFF,0.5735812187194824,2.802213430404663,15,pattern_based,generated,0,VVGAVGVGK,A1101,True,Valid,0.7694709782844973,0.8916666666666667,0.5,0.95,0.24264586138846392,0.2078740195840475,0.7962382445141069,0.4428807973750165
CATSQMDTEAFF,0.7752785682678223,0.5508501529693604,12,pattern_based,generated,0,VVGAVGVGK,A1101,True,Valid,0.8605285271744351,0.9291666666666667,0.5,0.95,0.9138703772136899,0.5207589208080261,0.9796238244514107,0.8106246999373634
CASSENTIYF,0.7228436470031738,1.259443998336792,10,pattern_based,generated,0,VVGAVGVGK,A1101,True,Valid,0.9397940008672037,0.8999999999999999,0.5,0.95,0.7393732669789204,0.7931248060001586,0.8369905956112847,0.7667723871138569
CASSFTEYGYTF,0.7165093421936035,1.5492751598358154,12,pattern_based,generated,0,VVGAVGVGK,A1101,True,Valid,0.81403803623258,0.8041666666666666,1.0,0.95,0.718293462566943,0.36101189441070114,0.3683385579937301,0.6281874755076635
CASSKETQYF,0.7139753699302673,0.7788097858428955,10,pattern_based,generated,0,VVGAVGVGK,A1101,True,Valid,0.9397940008672037,0.9249999999999999,1.0,0.95,0.7098607077023842,0.7931248060001586,0.9592476489028209,0.8294187740615496
CASSQWRYEQYF,0.7383047938346863,1.9993447065353396,12,pattern_based,generated,0,VVGAVGVGK,A1101,True,Valid,0.8605285271744351,0.8875,1.0,0.95,0.7908261037133836,0.5207589208080261,0.775862068965517,0.7706546394400621
CASSLAAGGYFNEQFF,0.7103142738342285,0.3713771402835846,16,peptide_match,training_data,1,VVVGADGVGK,A1101,True,Valid,0.7889097655573916,0.8718750000000001,1.0,1.0,0.6976770203115674,0.2746680757599386,0.6994514106583075,0.6738947054082762
CASSRRYGYTF,0.7140679359436035,0.1054896190762519,11,pattern_based,generated,1,VVVGADGVGK,A1101,True,Valid,0.8423282765538793,0.8704545454545454,1.0,1.0,0.7101687562594059,0.4582206284084872,0.6925049871758332,0.7142126256206265
CASSFGEDKYGYTF,0.652437150478363,1.5173667669296265,14,pattern_based,generated,1,VVVGADGVGK,A1101,True,Valid,0.8499145514073182,0.8785714285714286,1.0,1.0,0.5050689161947256,0.48428799884743023,0.7321988356471114,0.6453249333767985
CASSREEKLFF,0.7572616338729858,2.0220205783843994,11,pattern_based,generated,1,VVVGADGVGK,A1101,True,Valid,0.8423282765538793,0.9272727272727272,0.5,1.0,0.8539121869206113,0.4582206284084872,0.9703619264747789,0.7772813857448978
CASSFPKVYEDTQYF,0.7215926051139832,1.376861572265625,15,pattern_based,generated,1,VVVGADGVGK,A1101,True,Valid,0.8976167900760738,0.9,0.5,1.0,0.7352099500675704,0.6481987389891029,0.8369905956112853,0.7411218469471059
CASSNTEAFF,0.7239494323730469,0.6406458020210266,10,pattern_based,generated,1,VVVGADGVGK,A1101,True,Valid,0.8193820026016114,0.8999999999999999,0.5,1.0,0.7430531876678225,0.37937441800047716,0.8369905956112847,0.6904942777894814
CATSYFYEQYF,0.7089917063713074,0.2888961732387543,11,pattern_based,generated,1,VVVGADGVGK,A1101,True,Valid,0.8224908743082042,0.8250000000000001,1.0,1.0,0.6932756748951138,0.39005688231775243,0.4702194357366775,0.6493655335689316
CASSYPGTQHSPLHF,0.6410964131355286,1.232051968574524,15,pattern_based,generated,1,VVVGADGVGK,A1101,True,Valid,0.8506077525009399,0.8250000000000001,0.5,1.0,0.4673283065680197,0.48666992278839133,0.4702194357366775,0.5283091943322217
CASSEISQWWYEQYF,0.6028943657875061,3.119800090789795,15,pattern_based,generated,1,VVVGADGVGK,A1101,True,Valid,0.7823522792183226,0.8833333333333333,1.0,1.0,0.3401964885638213,0.2521357487811273,0.7554858934169277,0.5376029238651395
ASSPYSWETQYF,0.62181156873703,1.7624870538711548,12,pattern_based,generated,1,VVVGADGVGK,A1101,True,Valid,0.8429809818837098,0.825,0.5,1.0,0.40315066430780416,0.4604634039404668,0.47021943573667696,0.4973968336585505
CASSEWETQYF,0.7275102734565735,0.6908985376358032,11,pattern_based,generated,1,VVVGADGVGK,A1101,True,Valid,0.8948855177025863,0.9045454545454545,1.0,1.0,0.7549032384373191,0.6388137522723251,0.8592191507552008,0.8015678759804329
CASRQFLVRYEQYF,0.6726313233375549,4.379583358764648,14,pattern_based,generated,1,VVVGADGVGK,A1101,True,Valid,0.8499145514073182,0.8571428571428572,1.0,1.0,0.5722726941831586,0.48428799884743023,0.6274070756829381,0.6512480925793371
CASSFFAKRYEQYF,0.6904671788215637,2.4334120750427246,14,pattern_based,generated,1,VVVGADGVGK,A1101,True,Valid,0.7982309855842459,0.875,1.0,1.0,0.6316282756441498,0.30669693051106367,0.7147335423197492,0.6569374048238225
CASSFWAVTEYEQYF,0.6692150235176086,2.122081756591797,15,pattern_based,generated,1,VVVGADGVGK,A1101,True,Valid,0.8293613167934564,0.8583333333333333,1.0,1.0,0.5609036593510589,0.4136645649818384,0.6332288401253916,0.6337401447618696
CASSFKWVYNEQFF,0.6657922863960266,2.119696140289306,14,pattern_based,generated,1,VVVGADGVGK,A1101,True,Valid,0.8732737098805871,0.875,1.0,1.0,0.5495132019535,0.5645529310873495,0.7147335423197492,0.6756625754628197
CASSHYTEAFF,0.7012487649917603,0.2391615509986877,11,pattern_based,generated,1,VVVGADGVGK,A1101,True,Valid,0.8423282765538795,0.8250000000000001,0.5,1.0,0.667508097432208,0.45822062840848793,0.4702194357366775,0.6026912518019163
CASSFLPFGELFF,0.6963045001029968,0.0226952731609344,13,pattern_based,generated,1,VVVGADGVGK,A1101,True,Valid,0.7505493959132433,0.8057692307692307,0.5,1.0,0.6510541786598321,0.1428571428571429,0.3761755485893413,0.5142282097532297
CASSNVDNEQFF,0.6634332537651062,1.697649002075195,12,pattern_based,generated,1,VVVGADGVGK,A1101,True,Valid,0.8605285271744351,0.9291666666666667,1.0,1.0,0.541662625141007,0.5207589208080261,0.9796238244514107,0.7167415991082902
CASSDDDGEQYF,0.6643549799919128,1.703052639961243,12,pattern_based,generated,1,VVVGADGVGK,A1101,True,Valid,0.8429809818837098,0.9041666666666666,1.0,1.0,0.5447300191434425,0.4604634039404668,0.857366771159874,0.6814580426774451
ASSPFELFGELFF,0.6301535964012146,3.84167742729187,13,pattern_based,generated,1,VVVGADGVGK,A1101,True,Valid,0.7089742952321172,0.825,0.0,1.0,0.4309119288580404,0.0,0.47021943573667696,0.3664086586905516
CASSHPPKFHTEAFF,0.6794500350952148,1.3101680278778076,15,pattern_based,generated,2,VVVGAVGVGK,A1101,True,Valid,0.7823522792183224,0.8583333333333334,0.5,1.0,0.5949645466459502,0.25213574878112655,0.6332288401253922,0.5650587364396839
ASSPWQQFYEQYF,0.563977062702179,1.6551982164382937,13,pattern_based,generated,2,VVVGAVGVGK,A1101,True,Valid,0.7764322346416845,0.8538461538461538,0.5,1.0,0.2106843855085866,0.23179374984546694,0.6112852664576801,0.4028895574640641
CASSQNEQFF,0.7305997014045715,0.1020695716142654,10,pattern_based,generated,2,VVVGAVGVGK,A1101,True,Valid,0.8193820026016114,0.9249999999999999,1.0,1.0,0.7651844830010951,0.37937441800047716,0.9592476489028209,0.7737982065810975
CASSKWHPFRYEQYF,0.6660479307174683,2.6068568229675293,15,pattern_based,generated,2,VVVGAVGVGK,A1101,True,Valid,0.8976167900760739,0.8833333333333333,1.0,1.0,0.5503639555021578,0.6481987389891032,0.7554858934169277,0.7008825086820692
CSARHTPHKGELFF,0.6575400829315186,0.0003971264814026,14,pattern_based,generated,2,VVVGAVGVGK,A1101,True,Valid,0.9249572757036592,0.9071428571428573,0.0,1.0,0.5220508615342564,0.7421439994237153,0.8719211822660103,0.6316333809516478
CASSNDKRKNEQFF,0.6277872323989868,2.2789316177368164,14,pattern_based,generated,2,VVVGAVGVGK,A1101,True,Valid,0.8499145514073182,0.8857142857142858,1.0,1.0,0.4230369541237744,0.48428799884743023,0.7671294223018364,0.6194982658793631
CASSWKYIFETQYF,0.7102177143096924,3.616189956665039,14,pattern_based,generated,2,VVVGAVGVGK,A1101,True,Valid,0.8874359135554886,0.8607142857142858,1.0,1.0,0.6973556818296776,0.6132159991355725,0.6448723690103003,0.7305599463610456
CASSFLAEQWTDTQY,0.7080865502357483,0.7416601181030273,15,pattern_based,generated,2,VVVGAVGVGK,A1101,True,Valid,0.8634890534347651,0.9166666666666666,0.5,1.0,0.6902634241630273,0.5309316519854708,0.9184952978056424,0.7159907596234336
CASSWQKVWYEQYF,0.7041462063789368,5.834279537200928,14,pattern_based,generated,2,VVVGAVGVGK,A1101,True,Valid,0.8499145514073182,0.875,1.0,1.0,0.6771504338168685,0.48428799884743023,0.7147335423197492,0.7106644817601833
CASSDNEQFF,0.770797073841095,0.0105183515697717,10,pattern_based,generated,2,VVVGAVGVGK,A1101,True,Valid,0.8795880017344075,0.9249999999999999,1.0,1.0,0.8989565028693345,0.5862496120003179,0.9592476489028209,0.8686820533283616
ASSLEDKNEQFF,0.669285774230957,2.694187879562378,12,pattern_based,generated,2,VVVGAVGVGK,A1101,True,Valid,0.8605285271744351,0.9083333333333334,0.5,1.0,0.5611391092140239,0.5207589208080261,0.8777429467084644,0.6541560171889077
CASSDHQTEWDTQYF,0.6850501298904419,2.009293794631958,15,pattern_based,generated,2,VVVGAVGVGK,A1101,True,Valid,0.863489053434765,0.9,0.5,1.0,0.6136009884530389,0.5309316519854704,0.8369905956112853,0.6690248449005668
CASSEYWKYEQYF,0.7089728116989136,4.60451078414917,13,pattern_based,generated,2,VVVGAVGVGK,A1101,True,Valid,0.8180073353228107,0.8730769230769231,1.0,1.0,0.6932127956983488,0.3746508927026099,0.7053291536050157,0.6932811275408647
CASIEPEGELFF,0.7298723459243774,1.5138202905654907,12,pattern_based,generated,2,VVVGAVGVGK,A1101,True,Valid,0.84298098188371,0.9291666666666667,0.5,1.0,0.7627639314612789,0.4604634039404672,0.9796238244514107,0.7431230182628872
ASSLDDTQYF,0.7718966603279114,5.297098159790039,10,pattern_based,generated,2,VVVGAVGVGK,A1101,True,Valid,0.8795880017344075,0.8999999999999999,0.0,1.0,0.9026157944211276,0.5862496120003179,0.8369905956112847,0.7456943592907717
CASGQFNEQFF,0.6392734050750732,0.8725579380989075,11,pattern_based,generated,2,VVVGAVGVGK,A1101,True,Valid,0.8224908743082042,0.9045454545454545,1.0,1.0,0.461261555044191,0.39005688231775243,0.8592191507552008,0.634359828632267
CASSRMRDYEQYF,0.6669902801513672,0.878244161605835,13,pattern_based,generated,2,VVVGAVGVGK,A1101,True,Valid,0.8752746979566217,0.9115384615384615,1.0,1.0,0.5534999810568981,0.5714285714285716,0.8934169278996864,0.7143690922884108
CASSFQYHKYGELFF,0.7158482074737549,5.850922107696533,15,pattern_based,generated,2,VVVGAVGVGK,A1101,True,Valid,0.8506077525009399,0.8583333333333334,0.5,1.0,0.7160932857514352,0.48666992278839133,0.6332288401253922,0.6604170668833308
CASSFRLYDTQYF,0.7387210726737976,0.0069783725775778,13,pattern_based,generated,2,VVVGAVGVGK,A1101,True,Valid,0.8752746979566217,0.8826923076923077,0.5,1.0,0.7922114296130867,0.5714285714285716,0.7523510971786832,0.7316405055666857
CASSEIMVEYYGYTF,0.6543021202087402,1.4525076150894165,15,pattern_based,generated,2,VVVGAVGVGK,A1101,True,Valid,0.8506077525009399,0.8416666666666667,1.0,1.0,0.5112753111082151,0.48666992278839133,0.5517241379310346,0.6121889365871712
CASSLTSGGFDEQFF,0.6255351305007935,0.9460409283638,15,peptide_match,training_data,3,VVGAVGVGK,A0301,True,Valid,0.8035987149258059,0.8916666666666666,1.0,1.0,0.4155422299264115,0.32514110658767953,0.7962382445141063,0.5904927621909217
CSARDTEAFF,0.7101343274116516,1.895212292671204,10,pattern_based,generated,3,VVGAVGVGK,A0301,True,Valid,0.8795880017344075,0.9249999999999999,0.0,1.0,0.6970781802641443,0.5862496120003179,0.9592476489028209,0.6879307242862854
CAWSYYYKDETQYF,0.6802704334259033,0.6164056658744812,14,pattern_based,generated,3,VVGAVGVGK,A0301,True,Valid,0.8499145514073182,0.8571428571428572,1.0,1.0,0.5976947335994889,0.48428799884743023,0.6274070756829381,0.6614169083458692
CASRNNEGEQFF,0.5919694304466248,2.076810359954834,12,pattern_based,generated,3,VVGAVGVGK,A0301,True,Valid,0.8605285271744351,0.9041666666666668,1.0,1.0,0.3038396179801179,0.5207589208080261,0.8573667711598751,0.5971609855856274
CASSEHQPQHF,0.7189385294914246,1.2824476957321167,11,pattern_based,generated,3,VVGAVGVGK,A0301,True,Valid,0.8423282765538793,0.8909090909090909,0.5,1.0,0.726377505671525,0.4582206284084872,0.7925334853234538,0.6907018250149982
CASSHNEQFF,0.8011597990989685,0.3217575252056122,10,pattern_based,generated,3,VVGAVGVGK,A0301,True,Valid,0.8795880017344075,0.925,1.0,1.0,1.0,0.5862496120003179,0.9592476489028214,0.9090994521806279
ASSIDRVNEYYGYTF,0.6109643578529358,1.6248384714126587,15,pattern_based,generated,3,VVGAVGVGK,A0301,True,Valid,0.8847354891422486,0.8833333333333334,0.5,1.0,0.36705245136631337,0.6039370097920237,0.7554858934169283,0.5687055611883157
CASSQYYYGYTF,0.7605204582214355,2.3030803203582764,12,pattern_based,generated,3,VVGAVGVGK,A0301,True,Valid,0.7675475452907251,0.7833333333333334,1.0,1.0,0.8647571623273078,0.20126486801337687,0.2664576802507843,0.6394473745837553
CASSQEHHYEQYF,0.7284092903137207,0.0799040049314498,13,pattern_based,generated,3,VVGAVGVGK,A0301,True,Valid,0.7921244965943695,0.9115384615384616,1.0,1.0,0.7578950583893841,0.2857142857142858,0.893416927899687,0.7389842660785482
CASSRNDKYQDTQYF,0.6554102897644043,1.3200294971466064,15,pattern_based,generated,3,VVGAVGVGK,A0301,True,Valid,0.8634890534347651,0.9,0.5,1.0,0.5149631660806206,0.5309316519854708,0.8369905956112853,0.6295697159515995
ASSPKPALFGELFF,0.5523961186408997,1.2797821760177612,14,pattern_based,generated,3,VVGAVGVGK,A0301,True,Valid,0.7607096234360753,0.8428571428571429,0.0,1.0,0.17214439681890772,0.17776893022292076,0.5575459023734887,0.315920725246845
CASSWQNVRYEQYF,0.635790228843689,1.403508543968201,14,pattern_based,generated,3,VVGAVGVGK,A0301,True,Valid,0.8874359135554886,0.8928571428571428,1.0,1.0,0.4496699635598194,0.6132159991355725,0.8020600089565604,0.6629231870423543
CASSQEIMFRDTQYF,0.7107402086257935,2.0157415866851807,15,pattern_based,generated,3,VVGAVGVGK,A0301,True,Valid,0.8976167900760738,0.9166666666666666,0.5,1.0,0.6990944800594595,0.6481987389891029,0.9184952978056424,0.742976599382733
CASSFRWMDDYEQYF,0.6680921912193298,1.6394492387771606,15,pattern_based,generated,3,VVGAVGVGK,A0301,True,Valid,0.8634890534347651,0.875,1.0,1.0,0.5571670085351071,0.5309316519854708,0.7147335423197492,0.6719998422750868
CASSFGWHGELFF,0.6622471809387207,2.49369215965271,13,pattern_based,generated,3,VVGAVGVGK,A0301,True,Valid,0.8180073353228107,0.8057692307692308,0.5,1.0,0.5377155174551261,0.3746508927026099,0.3761755485893419,0.5152514952404409
CATSRPEKAKTEAFF,0.60323166847229,0.0015174552099779,15,pattern_based,generated,3,VVGAVGVGK,A0301,True,Valid,0.7823522792183226,0.9333333333333333,0.5,1.0,0.3413189913224725,0.2521357487811273,1.0,0.5369547462852146
CASSNMEYGYTF,0.705295741558075,0.4196787476539612,12,pattern_based,generated,3,VVGAVGVGK,A0301,True,Valid,0.90701901811629,0.8666666666666666,1.0,1.0,0.6809759486080589,0.6805059472053507,0.6739811912225702,0.7432878071288077
CASSHSQYEQYF,0.7634188532829285,0.9121190905570984,12,pattern_based,generated,3,VVGAVGVGK,A0301,True,Valid,0.796490490941855,0.9083333333333333,1.0,1.0,0.8744026724253696,0.30071637754314257,0.8777429467084639,0.7854529338204691
CASSHNQYNEQYF,0.7275344133377075,2.609121084213257,13,pattern_based,generated,3,VVGAVGVGK,A0301,True,Valid,0.8336995972754957,0.9115384615384615,1.0,1.0,0.7549835730577915,0.4285714285714291,0.8934169278996864,0.7663911005173396
ASSLWSFNYETQYF,0.717300534248352,3.26254940032959,14,pattern_based,generated,3,VVGAVGVGK,A0301,True,Valid,0.8357523477324165,0.8428571428571429,0.5,1.0,0.7209264545475643,0.4356249307992066,0.5575459023734887,0.6370047484535648
CASSWQYNNEQFF,0.7188082933425903,0.00048411093303,13,pattern_based,generated,4,VVVGAVGVGK,A0301,True,Valid,0.8336995972754957,0.8923076923076922,1.0,1.0,0.7259440954351488,0.4285714285714291,0.7993730407523508,0.7359665320388155
CASNHGRRTNQPQHF,0.6419532299041748,0.9703600406646729,15,pattern_based,generated,4,VVVGAVGVGK,A0301,True,Valid,0.863489053434765,0.8666666666666666,0.5,1.0,0.4701796897020736,0.5309316519854704,0.6739811912225702,0.5790544445224376
CASSDGKDGEQFF,0.6293299794197083,1.3655381202697754,13,pattern_based,generated,4,VVVGAVGVGK,A0301,True,Valid,0.8336995972754957,0.8961538461538461,1.0,1.0,0.4281710306217721,0.4285714285714291,0.8181818181818178,0.6206190615993582
CASSYLAKGELFF,0.7624167799949646,2.2023298740386963,13,pattern_based,generated,4,VVVGAVGVGK,A0301,True,Valid,0.8336995972754957,0.8634615384615384,0.5,1.0,0.8710678930688678,0.4285714285714291,0.6583072100313476,0.7158028849481025
CASSNMPNQPQHF,0.7516140937805176,2.234036445617676,13,pattern_based,generated,4,VVVGAVGVGK,A0301,True,Valid,0.8336995972754957,0.9153846153846155,0.5,1.0,0.835117852871804,0.4285714285714291,0.9122257053291539,0.7522065679288382
CASSKHKRQPQHF,0.6578262448310852,2.1214516162872314,13,pattern_based,generated,4,VVVGAVGVGK,A0301,True,Valid,0.8336995972754957,0.8769230769230769,0.5,1.0,0.5230031739117584,0.4285714285714291,0.7241379310344828,0.5897431414858858
CASSWRHENTEAFF,0.7076130509376526,2.2533740997314453,14,pattern_based,generated,4,VVVGAVGVGK,A0301,True,Valid,0.849914551407318,0.9142857142857141,0.5,1.0,0.6886876754592413,0.4842879988474295,0.9068517689207337,0.7037030237373292
CASSHESPLHF,0.7269458174705505,0.0854755640029907,11,pattern_based,generated,4,VVVGAVGVGK,A0301,True,Valid,0.8224908743082042,0.8568181818181817,0.5,1.0,0.7530247968178763,0.39005688231775243,0.625819321744086,0.6543851595395183
CASSETSQYEQYF,0.6545069813728333,1.0613441467285156,13,pattern_based,generated,4,VVVGAVGVGK,A0301,True,Valid,0.7764322346416845,0.9115384615384615,1.0,1.0,0.5119570644182494,0.23179374984546694,0.8934169278996864,0.6298249613163305
CSASWGSHYTEAFF,0.6297561526298523,1.9053261280059812,14,pattern_based,generated,4,VVVGAVGVGK,A0301,True,Valid,0.8357523477324165,0.8071428571428572,0.0,1.0,0.4295892837980146,0.4356249307992066,0.3828929690998658,0.4355392934990203
CASSRRYFIRDTQYF,0.7110954523086548,2.1295530796051025,15,pattern_based,generated,4,VVVGAVGVGK,A0301,True,Valid,0.8164800158596311,0.9,0.5,1.0,0.7002766883014742,0.36940283578475896,0.8369905956112853,0.6713893615997986
CASSDNWREKLFF,0.6655714511871338,0.1209839507937431,13,pattern_based,generated,4,VVVGAVGVGK,A0301,True,Valid,0.9168497986377478,0.9115384615384615,0.5,1.0,0.5487782889439925,0.7142857142857145,0.8934169278996864,0.6910518440146772
CASSFGPYNEQFF,0.704617440700531,1.2170101404190063,13,pattern_based,generated,4,VVVGAVGVGK,A0301,True,Valid,0.8595824360039367,0.8826923076923077,1.0,1.0,0.6787186449513262,0.5175080355597524,0.7523510971786832,0.7254592845282176
CASSNYEQYF,0.7874811291694641,4.403866767883301,10,pattern_based,generated,4,VVVGAVGVGK,A0301,True,Valid,0.8795880017344075,0.8999999999999999,1.0,1.0,0.9544790319698069,0.5862496120003179,0.8369905956112847,0.8664396543102433
CASSKMPRGELFF,0.7402553558349609,2.458588123321533,13,pattern_based,generated,4,VVVGAVGVGK,A0301,True,Valid,0.9168497986377478,0.9211538461538462,0.5,1.0,0.7973173394046471,0.7142857142857145,0.9404388714733545,0.7998718529136727
CASRWSSKETQYF,0.741525411605835,2.168789863586426,13,pattern_based,generated,4,VVVGAVGVGK,A0301,True,Valid,0.9011575366850628,0.9115384615384615,1.0,1.0,0.8015439322269372,0.6603651784168953,0.8934169278996864,0.8313739941540912
CASNEDWYGYTF,0.6856490969657898,3.7007155418396,12,pattern_based,generated,4,VVVGAVGVGK,A0301,True,Valid,0.953509509058145,0.8875,1.0,1.0,0.6155942788261942,0.8402529736026754,0.775862068965517,0.7694607200441161
CATSETTKYEQYF,0.6894023418426514,2.299301862716675,13,pattern_based,generated,4,VVVGAVGVGK,A0301,True,Valid,0.8180073353228107,0.9115384615384615,1.0,1.0,0.6280846262744195,0.3746508927026099,0.8934169278996864,0.704847414630227
ASSLKWMRGELFF,0.6214755177497864,0.0319895409047603,13,pattern_based,generated,4,VVVGAVGVGK,A0301,True,Valid,0.8752746979566217,0.8826923076923077,0.0,1.0,0.4020323270479923,0.5714285714285716,0.7523510971786832,0.5255688645406479
CASSWAEYGYTF,0.6957864761352539,0.6001453399658203,12,pattern_based,generated,4,VVVGAVGVGK,A0301,True,Valid,0.8605285271744351,0.8041666666666667,1.0,1.0,0.6493302572116191,0.5207589208080261,0.3683385579937306,0.637551598644999
CASRQINWNTIYF,0.7616671323776245,2.5371108055114746,13,pattern_based,generated,5,SLLQHLIGL,A0201,True,Valid,0.9168497986377478,0.9115384615384615,0.5,1.0,0.8685731559782942,0.7142857142857145,0.8934169278996864,0.8189697908283979
ASSIWDEQYF,0.5732501745223999,1.327924728393555,10,pattern_based,generated,5,SLLQHLIGL,A0201,True,Valid,0.9397940008672037,0.875,0.5,1.0,0.24154418612400927,0.7931248060001586,0.7147335423197492,0.5481893441135853
CASSDETQYF,0.7073266506195068,1.6031326055526731,10,pattern_based,generated,5,SLLQHLIGL,A0201,True,Valid,0.9397940008672037,0.9249999999999999,1.0,1.0,0.6877345696533889,0.7931248060001586,0.9592476489028209,0.8255683188419514
CASSDSPLHF,0.685738742351532,1.387465476989746,10,pattern_based,generated,5,SLLQHLIGL,A0201,True,Valid,0.8568636235841013,0.875,0.5,1.0,0.615892607885924,0.5081658627712563,0.7147335423197492,0.6409369241725708
CATSRIRYEQYF,0.6501213312149048,0.0346472226083278,12,pattern_based,generated,5,SLLQHLIGL,A0201,True,Valid,0.90701901811629,0.9083333333333333,1.0,1.0,0.49736214827073283,0.6805059472053507,0.8777429467084639,0.710594638091056
CASSQRDTQYF,0.7780452370643616,0.9282582402229308,11,pattern_based,generated,5,SLLQHLIGL,A0201,True,Valid,0.8948855177025863,0.9136363636363636,0.5,1.0,0.9230775181481858,0.6388137522723251,0.9036762610430319,0.8277290099223459
CASSYDYGYTF,0.742720901966095,1.1286629438400269,11,pattern_based,generated,5,SLLQHLIGL,A0201,True,Valid,0.8224908743082042,0.8022727272727272,1.0,1.0,0.8055223803326568,0.39005688231775243,0.35907666001709887,0.672035660600033
CASSWPFVNETQYF,0.7034445405006409,1.57986319065094,14,pattern_based,generated,5,SLLQHLIGL,A0201,True,Valid,0.9249572757036592,0.8785714285714286,1.0,1.0,0.6748153741818018,0.7421439994237153,0.7321988356471114,0.764794716686886
CATSYISMGDYGYTF,0.683951735496521,2.125190734863281,15,pattern_based,generated,5,SLLQHLIGL,A0201,True,Valid,0.8164800158596311,0.8083333333333333,1.0,1.0,0.6099456640429974,0.36940283578475896,0.3887147335423199,0.5956017794826147
CASSKKQKHYGYTF,0.6565340161323547,0.0060992240905761,14,pattern_based,generated,5,SLLQHLIGL,A0201,True,Valid,0.8357523477324165,0.9071428571428573,1.0,1.0,0.5187027922528863,0.4356249307992066,0.8719211822660103,0.668990339514198
CASSNKSGNYEQYF,0.6353176832199097,2.67240309715271,14,pattern_based,generated,5,SLLQHLIGL,A0201,True,Valid,0.8357523477324165,0.9071428571428571,1.0,1.0,0.4480973885694348,0.4356249307992066,0.8719211822660098,0.6407481780408172
CASSYHYHQPQHF,0.7637826800346375,2.680273532867432,13,pattern_based,generated,5,SLLQHLIGL,A0201,True,Valid,0.7764322346416844,0.8634615384615384,0.5,1.0,0.8756134440879968,0.23179374984546658,0.6583072100313476,0.6782655696105616
CASSQVHKETQYF,0.7039489150047302,1.2010706663131714,13,pattern_based,generated,5,SLLQHLIGL,A0201,True,Valid,0.9168497986377478,0.9307692307692308,1.0,1.0,0.6764938718569575,0.7142857142857145,0.987460815047022,0.8109468546093304
CASTEEHHQPQHF,0.7421380877494812,2.289074182510376,13,pattern_based,generated,5,SLLQHLIGL,A0201,True,Valid,0.8180073353228107,0.8769230769230769,0.5,1.0,0.8035828447302373,0.3746508927026099,0.7241379310344828,0.6911909026395134
ASSIEMAHETQYF,0.6526426672935486,1.3866827487945557,13,pattern_based,generated,5,SLLQHLIGL,A0201,True,Valid,0.8752746979566217,0.9019230769230769,0.5,1.0,0.5057528514327233,0.5714285714285716,0.8463949843260189,0.6358658517240074
CASSYPDGELFF,0.7426521182060242,1.6483254432678225,12,pattern_based,generated,5,SLLQHLIGL,A0201,True,Valid,0.90701901811629,0.8666666666666666,0.5,1.0,0.805293476253582,0.6805059472053507,0.6739811912225702,0.7430148181870171
CSASHDEKDYGYTF,0.6653780341148376,1.7820539474487305,14,pattern_based,generated,5,SLLQHLIGL,A0201,True,Valid,0.8874359135554886,0.9071428571428573,0.5,1.0,0.5481346201947748,0.6132159991355725,0.8719211822660103,0.6662812843582265
CASSQKNEQYF,0.6879639625549316,3.0528736114501958,11,pattern_based,generated,5,SLLQHLIGL,A0201,True,Valid,0.8948855177025863,0.9136363636363636,1.0,1.0,0.6232978730367855,0.6388137522723251,0.9036762610430319,0.7578171518777856
CSARRDIRRNTIYF,0.6139571666717529,1.8145824670791624,14,pattern_based,generated,5,SLLQHLIGL,A0201,True,Valid,0.8123931892591476,0.9285714285714286,0.0,1.0,0.37701215909111196,0.35535999855928735,0.9767129422301837,0.517219451794339
CASSDEFYGYTF,0.6807777881622314,1.188512086868286,12,pattern_based,generated,5,SLLQHLIGL,A0201,True,Valid,0.8605285271744351,0.8458333333333332,1.0,1.0,0.5993831491290239,0.5207589208080261,0.5721003134796233,0.6583251065091394
CASSYYDNEQFF,0.7428215742111206,0.8687777519226074,12,pattern_based,generated,6,SLLQHLIGL,A2402,True,Valid,0.8605285271744351,0.8875,1.0,1.0,0.8058574054535901,0.5207589208080261,0.775862068965517,0.7816671601361447
CASSWSDDTQYF,0.7423505783081055,1.363911271095276,12,pattern_based,generated,6,SLLQHLIGL,A2402,True,Valid,0.8429809818837098,0.9083333333333333,0.5,1.0,0.8042899877474827,0.4604634039404668,0.8777429467084639,0.7393572652287793
CSVGYYDTQYF,0.7098636627197266,5.629986763000488,11,pattern_based,generated,6,SLLQHLIGL,A2402,True,Valid,0.8750481154569112,0.8477272727272728,0.0,1.0,0.6961774407294146,0.5706500061815903,0.5813622114562556,0.608873419819335
CASSWKEHNEQFF,0.6884599924087524,0.1778134852647781,13,pattern_based,generated,6,SLLQHLIGL,A2402,True,Valid,0.8752746979566217,0.9115384615384615,1.0,1.0,0.6249486007196792,0.5714285714285716,0.8934169278996864,0.7429485401535232
CASSQLEWYEQYF,0.66338711977005,0.953072190284729,13,pattern_based,generated,6,SLLQHLIGL,A2402,True,Valid,0.8336995972754957,0.8923076923076922,1.0,1.0,0.5415090967552153,0.4285714285714291,0.7993730407523508,0.6621925325668421
CASSDEDNYEQYF,0.7024042010307312,1.8893322944641116,13,pattern_based,generated,6,SLLQHLIGL,A2402,True,Valid,0.8336995972754957,0.9115384615384615,1.0,1.0,0.6713532495750695,0.4285714285714291,0.8934169278996864,0.7329389711242509
ASSFDRNVKYGYTF,0.5196759104728699,2.7538375854492188,14,pattern_based,generated,6,SLLQHLIGL,A2402,True,Valid,0.8874359135554886,0.8785714285714286,0.5,1.0,0.06325548016002656,0.6132159991355725,0.7321988356471114,0.4443851590205474
CATSFNEQFF,0.6090722680091858,0.4768538475036621,10,pattern_based,generated,6,SLLQHLIGL,A2402,True,Valid,0.8568636235841012,0.8999999999999999,1.0,1.0,0.360755803977972,0.508165862771256,0.8369905956112847,0.613333613267697
CASSFNVYRNVLTF,0.724873423576355,3.1553280353546143,14,pattern_based,generated,6,SLLQHLIGL,A2402,True,Valid,0.8499145514073182,0.8964285714285715,0.5,1.0,0.7461281192395862,0.48428799884743023,0.8195253022839231,0.7092139079221051
CSVGNQAPYYEQYF,0.6072341799736023,2.391916990280152,14,pattern_based,generated,6,SLLQHLIGL,A2402,True,Valid,0.8732737098805868,0.8964285714285714,0.5,1.0,0.35463886811098394,0.5645529310873487,0.8195253022839226,0.5686711939186478
CASSYSPGFYEQYF,0.6693317294120789,2.732277631759644,14,pattern_based,generated,6,SLLQHLIGL,A2402,True,Valid,0.7840687819093441,0.825,1.0,1.0,0.561292042528553,0.25803386246284,0.47021943573667696,0.5701674766513246
CASSQTPDYEQYF,0.7153679132461548,0.0037543543148785,13,pattern_based,generated,6,SLLQHLIGL,A2402,True,Valid,0.8752746979566217,0.9115384615384615,1.0,1.0,0.7144949243396643,0.5714285714285716,0.8934169278996864,0.7787670696015173
CASSWRQNRTEAFF,0.6992704272270203,2.171604633331299,14,pattern_based,generated,6,SLLQHLIGL,A2402,True,Valid,0.8499145514073182,0.9142857142857143,0.5,1.0,0.6609244273381292,0.48428799884743023,0.9068517689207343,0.6925977244888846
CASSNRNKYGYTF,0.6487528085708618,0.9230234622955322,13,pattern_based,generated,6,SLLQHLIGL,A2402,True,Valid,0.8752746979566217,0.9115384615384615,1.0,1.0,0.4928078695397501,0.5714285714285716,0.8934169278996864,0.6900922476815516
CASSESYDKYEQYF,0.6151537895202637,1.5196590423583984,14,pattern_based,generated,6,SLLQHLIGL,A2402,True,Valid,0.7840687819093441,0.8964285714285714,1.0,1.0,0.38099437598149566,0.25803386246284,0.8195253022839226,0.5679095833419509
CASSKHNEQFF,0.7504668235778809,0.5284147262573242,11,pattern_based,generated,6,SLLQHLIGL,A2402,True,Valid,0.8948855177025863,0.9136363636363636,1.0,1.0,0.8312998756499418,0.6388137522723251,0.9036762610430319,0.8410179529230482
CASSESYNEQFF,0.6485398411750793,1.255865454673767,12,pattern_based,generated,6,SLLQHLIGL,A2402,True,Valid,0.796490490941855,0.9083333333333333,1.0,1.0,0.492099139665804,0.30071637754314257,0.8777429467084639,0.6325315207166429
CASSKLWYNEQF,0.6041082739830017,1.017146348953247,12,pattern_based,generated,6,SLLQHLIGL,A2402,True,Valid,0.9535095090581449,0.9083333333333333,0.5,1.0,0.34423622900960504,0.840252973602675,0.8777429467084639,0.6312936756660699
CASSQSYTVHQPQHF,0.7359839081764221,1.6483511924743652,15,pattern_based,generated,6,SLLQHLIGL,A2402,True,Valid,0.8035987149258061,0.8916666666666667,0.5,1.0,0.783102475436946,0.32514110658768025,0.7962382445141069,0.6875168603951359
CASSENEQFF,0.7067272067070007,1.1867512464523315,10,pattern_based,generated,6,SLLQHLIGL,A2402,True,Valid,0.8193820026016114,0.9249999999999999,1.0,1.0,0.6857396924235328,0.37937441800047716,0.9592476489028209,0.7420202903500728
CASSWMVRNEQFF,0.663274347782135,1.4118417501449585,13,pattern_based,generated,7,LYVDSLFFL,A2402,True,Valid,0.9168497986377478,0.9115384615384615,1.0,1.0,0.5411338051455019,0.7142857142857145,0.8934169278996864,0.7379940504952809
CASSFYPYTEAFF,0.7417418956756592,0.088215671479702,13,pattern_based,generated,7,LYVDSLFFL,A2402,True,Valid,0.7764322346416844,0.7865384615384615,0.5,1.0,0.8022643651690509,0.23179374984546658,0.2821316614420063,0.573690828325115
CSASHYLMWDTQYF,0.5006681680679321,1.6999043226242063,14,pattern_based,generated,7,LYVDSLFFL,A2402,True,Valid,0.9249572757036592,0.8428571428571429,0.0,1.0,0.0,0.7421439994237153,0.5575459023734887,0.3599379803594408
ASSPKNEQFF,0.6873269081115723,0.3851784169673919,10,pattern_based,generated,7,LYVDSLFFL,A2402,True,Valid,0.8795880017344075,0.9,0.5,1.0,0.6211778324846625,0.5862496120003179,0.8369905956112853,0.6831191745161858
CASSFGELFF,0.7800696492195129,0.2135370671749115,10,pattern_based,generated,7,LYVDSLFFL,A2402,True,Valid,0.7966576244513052,0.825,0.5,1.0,0.9298145182709688,0.30129066877141564,0.47021943573667696,0.676227828210006
CASSDDKTEAFF,0.6316136121749878,0.4595671892166137,12,pattern_based,generated,7,LYVDSLFFL,A2402,True,Valid,0.81403803623258,0.9291666666666667,0.5,1.0,0.4357706857184682,0.36101189441070114,0.9796238244514107,0.5924354180598097
CASSHDSGQNEQFF,0.6731118559837341,2.296748638153076,14,pattern_based,generated,7,LYVDSLFFL,A2402,True,Valid,0.8357523477324165,0.8892857142857142,1.0,1.0,0.5738718490232798,0.4356249307992066,0.7845947156291981,0.6735926688949929
CASSDHNEQYF,0.7522838711738586,2.192451477050781,11,pattern_based,generated,7,LYVDSLFFL,A2402,True,Valid,0.9474427588512933,0.9136363636363636,1.0,1.0,0.8373467914650119,0.8194068761361629,0.9036762610430319,0.8795553440218438
CATSNDQYGYTF,0.6699835658073425,1.5836104154586792,12,pattern_based,generated,7,LYVDSLFFL,A2402,True,Valid,0.90701901811629,0.9083333333333333,1.0,1.0,0.5634612756383974,0.6805059472053507,0.8777429467084639,0.737034289038122
CASSWNAKDRTEAFF,0.6852407455444336,2.440479278564453,15,pattern_based,generated,7,LYVDSLFFL,A2402,True,Valid,0.85060775250094,0.9166666666666666,0.5,1.0,0.61423533441914,0.4866699227883917,0.9184952978056424,0.6767271778864629
CASSQNWFNVLTF,0.6511664390563965,2.7254951000213623,13,pattern_based,generated,7,LYVDSLFFL,A2402,True,Valid,0.8752746979566217,0.9019230769230769,0.5,1.0,0.500840141444472,0.5714285714285716,0.8463949843260189,0.633900767728707
CASSYYHDTQYF,0.7804594039916992,2.582193374633789,12,pattern_based,generated,7,LYVDSLFFL,A2402,True,Valid,0.8429809818837098,0.8458333333333332,0.5,1.0,0.9311115752666961,0.4604634039404668,0.5721003134796233,0.7289573735906965
CASSHVADHNEQFF,0.6630529761314392,0.54885333776474,14,pattern_based,generated,7,LYVDSLFFL,A2402,True,Valid,0.8499145514073182,0.9285714285714286,1.0,1.0,0.5403971069222061,0.48428799884743023,0.9767129422301837,0.7083590309844052
CASSFYLYYGYTF,0.7397582530975342,1.609028458595276,13,pattern_based,generated,7,LYVDSLFFL,A2402,True,Valid,0.7505493959132433,0.7288461538461538,1.0,1.0,0.7956630412941769,0.1428571428571429,0.0,0.5468366450890993
CASSRTATDYGYTF,0.6255186796188354,0.916378378868103,14,pattern_based,generated,7,LYVDSLFFL,A2402,True,Valid,0.7982309855842459,0.8607142857142857,1.0,1.0,0.41548748337023766,0.30669693051106367,0.6448723690102998,0.5565088532523678
CASSYETQYF,0.7563953399658203,1.159735083580017,10,pattern_based,generated,7,LYVDSLFFL,A2402,True,Valid,0.8795880017344075,0.875,1.0,1.0,0.8510292650096313,0.5862496120003179,0.7147335423197492,0.8006083368678659
ASSQWIRMNTEAFF,0.6449837684631348,3.028510808944702,14,pattern_based,generated,7,LYVDSLFFL,A2402,True,Valid,0.8874359135554886,0.8964285714285715,0.0,1.0,0.4802649574633144,0.6132159991355725,0.8195253022839231,0.5786542432692249
CSVEWMHGELFF,0.5785737633705139,1.143152952194214,12,pattern_based,generated,7,LYVDSLFFL,A2402,True,Valid,0.90701901811629,0.8666666666666667,0.0,1.0,0.2592604494017848,0.6805059472053507,0.6739811912225707,0.4746016074462982
CASSKQKKGELFF,0.6050769686698914,1.4427858591079712,13,pattern_based,generated,7,LYVDSLFFL,A2402,True,Valid,0.8180073353228107,0.9307692307692308,0.5,1.0,0.3474599283970585,0.3746508927026099,0.987460815047022,0.5614063129087499
CASSRSYTWTEAFF,0.6844907999038696,2.449015855789185,14,pattern_based,generated,7,LYVDSLFFL,A2402,True,Valid,0.7982309855842459,0.8428571428571427,0.5,1.0,0.6117396055431285,0.30669693051106367,0.5575459023734881,0.5675444087941618
CASSFNEQFF,0.6811095476150513,0.4778498411178589,10,pattern_based,generated,8,ASSYISPEK,A1101,True,Valid,0.7966576244513052,0.8999999999999999,1.0,1.0,0.6004872046785296,0.30129066877141564,0.8369905956112847,0.6678511347479519
CASSFENEQFF,0.7370427846908569,0.0211429260671138,11,pattern_based,generated,8,ASSYISPEK,A1101,True,Valid,0.7699336331594974,0.9045454545454545,1.0,1.0,0.7866262890979175,0.20946375845391496,0.8592191507552008,0.7283870974809902
CSVGWFNMGNETQYF,0.6032668352127075,5.186308860778809,15,pattern_based,generated,8,ASSYISPEK,A1101,True,Valid,0.8976167900760736,0.9,0.5,1.0,0.34143602200414847,0.6481987389891024,0.8369905956112853,0.583612275721737
CASSQYNEQFF,0.7203165292739868,0.069564014673233,11,pattern_based,generated,8,ASSYISPEK,A1101,True,Valid,0.8423282765538793,0.9045454545454545,1.0,1.0,0.730963323179434,0.4582206284084872,0.8592191507552008,0.7558732851045112
CASSKVGHYGYTF,0.656162440776825,1.0123082399368286,13,pattern_based,generated,8,ASSYISPEK,A1101,True,Valid,0.8752746979566217,0.825,1.0,1.0,0.5174662341688729,0.5714285714285716,0.47021943573667696,0.6153160951005989
CATSREFNEQFF,0.5812344551086426,1.3937805891036987,12,pattern_based,generated,8,ASSYISPEK,A1101,True,Valid,0.84298098188371,0.9083333333333333,1.0,1.0,0.2681149114345522,0.4604634039404672,0.8777429467084639,0.574887234703607
CASSFQFGLRNEQFF,0.598537266254425,1.7357981204986572,15,pattern_based,generated,8,ASSYISPEK,A1101,True,Valid,0.7952335801521474,0.9,1.0,1.0,0.32569658546125857,0.29639747797820526,0.8369905956112853,0.5569562489024016
CAISQDTEAFF,0.6031954884529114,0.9693792462348938,11,pattern_based,generated,8,ASSYISPEK,A1101,True,Valid,0.8948855177025865,0.9272727272727272,0.0,1.0,0.34119858857030755,0.6388137522723258,0.9703619264747789,0.558314571177544
CASSDKNEQFF,0.6540891528129578,0.03323769941926,11,pattern_based,generated,8,ASSYISPEK,A1101,True,Valid,0.8948855177025863,0.9136363636363636,1.0,1.0,0.510566581234269,0.6388137522723251,0.9036762610430319,0.712724635156779
CASSEDDEFRNEQFF,0.653924822807312,5.059106349945068,15,pattern_based,generated,8,ASSYISPEK,A1101,True,Valid,0.7694709782844973,0.8916666666666667,1.0,1.0,0.5100197107437935,0.2078740195840475,0.7962382445141069,0.6048303371171483
CASSEMQNEQFF,0.700653076171875,1.526541829109192,12,pattern_based,generated,8,ASSYISPEK,A1101,True,Valid,0.8140380362325801,0.9291666666666667,1.0,1.0,0.66552571669887,0.3610118944107015,0.9796238244514107,0.7343374304519704
CASSKNEQFF,0.654995858669281,2.109447717666626,10,pattern_based,generated,8,ASSYISPEK,A1101,True,Valid,0.8795880017344075,0.9249999999999999,1.0,1.0,0.5135839892506328,0.5862496120003179,0.9592476489028209,0.7145330478808809
CASSQMADKETQYF,0.6989858150482178,1.0493199825286863,14,pattern_based,generated,8,ASSYISPEK,A1101,True,Valid,0.8874359135554888,0.9321428571428572,1.0,1.0,0.6599772722449043,0.6132159991355731,0.9941782355575459,0.7854697558365855
CASTFHYNEQF,0.7242127656936646,1.988551378250122,11,pattern_based,generated,8,ASSYISPEK,A1101,True,Valid,0.9474427588512933,0.9045454545454545,0.5,1.0,0.743929529280779,0.8194068761361629,0.8592191507552008,0.7832970170905844
ASSSFIQTRYEQYF,0.5275463461875916,2.6592721939086914,14,pattern_based,generated,8,ASSYISPEK,A1101,True,Valid,0.7982309855842459,0.8785714285714286,0.5,1.0,0.08944734343327952,0.30669693051106367,0.7321988356471114,0.39355809060494684
CASSDNIRKEYEQYF,0.6217019557952881,2.3423781394958496,15,pattern_based,generated,8,ASSYISPEK,A1101,True,Valid,0.897616790076074,0.9083333333333333,1.0,1.0,0.40278588562373285,0.6481987389891036,0.8777429467084639,0.6663026913890067
CASSWYDYEQYF,0.6962354183197021,1.9210366010665891,12,pattern_based,generated,8,ASSYISPEK,A1101,True,Valid,0.8429809818837098,0.8666666666666667,1.0,1.0,0.6508242827953195,0.4604634039404668,0.6739811912225707,0.6872186321507353
CASSHFKYEQYF,0.7352222204208374,2.6513516902923584,12,pattern_based,generated,8,ASSYISPEK,A1101,True,Valid,0.8605285271744351,0.8875,1.0,1.0,0.7805676702146799,0.5207589208080261,0.775862068965517,0.7715512660405806
CASSHWEHGELFF,0.7193485498428345,2.547795057296753,13,pattern_based,generated,8,ASSYISPEK,A1101,True,Valid,0.8336995972754957,0.8634615384615385,0.5,1.0,0.7277420040770316,0.4285714285714291,0.6583072100313482,0.6584725293513681
CASSQYEQYF,0.7421886324882507,0.5518568158149719,10,pattern_based,generated,8,ASSYISPEK,A1101,True,Valid,0.8193820026016112,0.8999999999999999,1.0,1.0,0.8037510515405105,0.3793744180004764,0.8369905956112847,0.7647734233385565
CATSEKEGELFF,0.6930888891220093,4.343096733093262,12,pattern_based,generated,9,SALQSLLQH,A1101,True,Valid,0.84298098188371,0.9291666666666667,0.5,1.0,0.6403530121416356,0.4604634039404672,0.9796238244514107,0.6941586505350299
CASSNFFVPYYEQYF,0.6597885489463806,1.820746660232544,15,pattern_based,generated,9,SALQSLLQH,A1101,True,Valid,0.8035987149258061,0.8416666666666666,1.0,1.0,0.5295334859492765,0.32514110658768025,0.551724137931034,0.5871864432834534
CASSDYSPLHF,0.5802087783813477,1.4926974773406982,11,pattern_based,generated,9,SALQSLLQH,A1101,True,Valid,0.8750481154569112,0.8477272727272727,0.5,1.0,0.2647015826713661,0.5706500061815903,0.5813622114562551,0.4862830765961156
CASSNWYEQYF,0.7360248565673828,0.0398576520383358,11,pattern_based,generated,9,SALQSLLQH,A1101,True,Valid,0.8948855177025863,0.8818181818181818,1.0,1.0,0.7832387467561178,0.6388137522723251,0.7480763750356227,0.7906735241640367
CASTQFEKLFF,0.5658022165298462,1.2626954317092896,11,pattern_based,generated,9,SALQSLLQH,A1101,True,Valid,0.8750481154569112,0.9045454545454545,0.5,1.0,0.21675827788756843,0.5706500061815903,0.8592191507552008,0.5226771425423856
CASSDVIWEWDTQYF,0.6760242581367493,2.281682014465332,15,pattern_based,generated,9,SALQSLLQH,A1101,True,Valid,0.8976167900760738,0.9,0.5,1.0,0.5835639730369244,0.6481987389891029,0.8369905956112853,0.6804634561348475
CASSYQGKYEQYF,0.6492154002189636,1.1667098999023438,13,pattern_based,generated,9,SALQSLLQH,A1101,True,Valid,0.8180073353228107,0.8923076923076922,1.0,1.0,0.4943473188965078,0.3746508927026099,0.7993730407523508,0.6325437142495952
CASSNKYGYTF,0.6875302791595459,0.1355791985988617,11,pattern_based,generated,9,SALQSLLQH,A1101,True,Valid,0.8948855177025863,0.8704545454545454,1.0,1.0,0.6218546268675071,0.6388137522723251,0.6925049871758332,0.7150055986366345
CASSRVDQPQHF,0.7014724612236023,0.3684862852096557,12,pattern_based,generated,9,SALQSLLQH,A1101,True,Valid,0.90701901811629,0.925,0.5,1.0,0.6682525315819196,0.6805059472053507,0.9592476489028214,0.7452517318544024
CASTDLMTRFQPQHF,0.6677758693695068,1.6817916631698608,15,pattern_based,generated,9,SALQSLLQH,A1101,True,Valid,0.8976167900760739,0.9333333333333333,0.5,1.0,0.5561143274712863,0.6481987389891032,1.0,0.7020854787863352
CASSYFWHGEQYF,0.7245733141899109,2.0533430576324463,13,pattern_based,generated,9,SALQSLLQH,A1101,True,Valid,0.8752746979566217,0.825,1.0,1.0,0.7451293913035889,0.5714285714285716,0.47021943573667696,0.7063813579544852
CASSQYGELFF,0.6604639887809753,1.2243808507919312,11,pattern_based,generated,9,SALQSLLQH,A1101,True,Valid,0.8948855177025863,0.8704545454545455,0.5,1.0,0.5317812684658051,0.6388137522723251,0.6925049871758338,0.6289762552759538
CSVGHFYEQYF,0.6622034311294556,1.661385178565979,11,pattern_based,generated,9,SALQSLLQH,A1101,True,Valid,0.8948855177025863,0.8477272727272728,0.5,1.0,0.5375699233528378,0.6388137522723251,0.5813622114562556,0.6090631620868513
CAISEDTQYF,0.6719773411750793,0.5982072353363037,10,pattern_based,generated,9,SALQSLLQH,A1101,True,Valid,1.0,0.9249999999999999,0.0,1.0,0.570096320218161,1.0,0.9592476489028209,0.7198880578678286
CASSRHYGYTF,0.6894588470458984,2.4009830951690674,11,pattern_based,generated,9,SALQSLLQH,A1101,True,Valid,0.8948855177025863,0.825,1.0,1.0,0.6282726687934513,0.6388137522723251,0.47021943573667696,0.673115705119181
CASSEAKNEQFF,0.609709620475769,0.8860571980476379,12,pattern_based,generated,9,SALQSLLQH,A1101,True,Valid,0.81403803623258,0.9291666666666667,1.0,1.0,0.36287683631553297,0.36101189441070114,0.9796238244514107,0.6132778782986356
CASSQGEHYEQYF,0.6800954341888428,1.2568542957305908,13,pattern_based,generated,9,SALQSLLQH,A1101,True,Valid,0.8336995972754957,0.9115384615384615,1.0,1.0,0.5971123571903353,0.4285714285714291,0.8934169278996864,0.7032426141703572
CASSFQQPQHF,0.7707414031028748,1.3451977968215942,11,pattern_based,generated,9,SALQSLLQH,A1101,True,Valid,0.7699336331594973,0.9136363636363636,0.5,1.0,0.8987712373495288,0.2094637584539146,0.9036762610430319,0.7321364988392008
CAWSREKLFF,0.5426072478294373,1.0043662786483765,10,pattern_based,generated,9,SALQSLLQH,A1101,True,Valid,0.9397940008672039,0.875,0.5,1.0,0.13956821232460026,0.7931248060001593,0.7147335423197492,0.5073989545938218
CASSEYFHNEQFF,0.6804667711257935,0.1992364227771759,13,pattern_based,generated,9,SALQSLLQH,A1101,True,Valid,0.8180073353228107,0.8923076923076924,1.0,1.0,0.5983481218459983,0.3746508927026099,0.7993730407523513,0.6741440354293915
